<?xml version="1.0" encoding="UTF-8"?>
<project-private xmlns="http://www.netbeans.org/ns/project-private/1">
    <editor-bookmarks xmlns="http://www.netbeans.org/ns/editor-bookmarks/2" lastBookmarkId="0"/>
    <open-files xmlns="http://www.netbeans.org/ns/projectui-open-files/2">
        <group>
            <file>file:/C:/Users/LENOVO/Documents/NetBeansProjects/salsabila_project/src/dataset/ds_barang_masuk.java</file>
            <file>file:/C:/Users/LENOVO/Documents/NetBeansProjects/salsabila_project/src/salsabila_project/user.java</file>
            <file>file:/C:/Users/LENOVO/Documents/NetBeansProjects/salsabila_project/src/salsabila_project/Salsabila_project.java</file>
            <file>file:/C:/Users/LENOVO/Documents/NetBeansProjects/salsabila_project/src/salsabila_project/barang_masuk.java</file>
            <file>file:/C:/Users/LENOVO/Documents/NetBeansProjects/salsabila_project/src/salsabila_project/jenis_barang.java</file>
            <file>file:/C:/Users/LENOVO/Documents/NetBeansProjects/salsabila_project/src/dataset/ds_satuan.java</file>
            <file>file:/C:/Users/LENOVO/Documents/NetBeansProjects/salsabila_project/src/forms/frameUtama.java</file>
            <file>file:/C:/Users/LENOVO/Documents/NetBeansProjects/salsabila_project/src/salsabila_project/satuan.java</file>
            <file>file:/C:/Users/LENOVO/Documents/NetBeansProjects/salsabila_project/src/forms/frameBarang.java</file>
            <file>file:/C:/Users/LENOVO/Documents/NetBeansProjects/salsabila_project/src/forms/frameBarangMasuk.java</file>
            <file>file:/C:/Users/LENOVO/Documents/NetBeansProjects/salsabila_project/src/dataset/ds_barang_keluar.java</file>
            <file>file:/C:/Users/LENOVO/Documents/NetBeansProjects/salsabila_project/src/dataset/ds_barang.java</file>
            <file>file:/C:/Users/LENOVO/Documents/NetBeansProjects/salsabila_project/src/salsabila_project/barang.java</file>
            <file>file:/C:/Users/LENOVO/Documents/NetBeansProjects/salsabila_project/src/salsabila_project/barang_keluar.java</file>
            <file>file:/C:/Users/LENOVO/Documents/NetBeansProjects/salsabila_project/src/dataset/ds_jenis_barang.java</file>
            <file>file:/C:/Users/LENOVO/Documents/NetBeansProjects/salsabila_project/src/dataset/ds_user.java</file>
        </group>
    </open-files>
</project-private>
